Species_Code,Input_Conc
H,2.04526231496888E-06
OH,5.01187233627271E-09
CO2,0
H2CO3,0
HCO3,0
CO3,0
H2SO4,0
HSO4,0
SO4,0.0000001
H3PO4,0
H2PO4,0
HPO4,0
PO4,0.00000003
NH4,0
NH3,0
HNO3,0
NO3,0
Ca,0
CaOH,0
CaOH2,0
Mg,0
MgOH,0
MgOH2,0
K,0
KOH,0
