Species_Code,Input_Conc
H,2.04526231496888E-06
OH,5.01187233627271E-09
CO2,0
H2CO3,0
HCO3,0
CO3,0
H2SO4,1E-20
HSO4,0
SO4,0
H3PO4,0
H2PO4,0
HPO4,0
PO4,0
NH4,0
NH3,0
HNO3,0
NO3,0
Ca,0.0001
CaOH,0.000001
CaOH2,0.000001
Mg,0.0001
MgOH,1.00E-20
MgOH2,1E-20
K,0.00001
KOH,0
