Species_Code,Initial_Conc,Input_Conc
H,0.0000001,0.0000001
OH,0.0000001,0.0000001
CO2,0.001,0.0001
H2CO3,0.001,0.0001
HCO3,0.001,0.0001
CO3,0.001,0.0001
