Reaction_Code,kf,kb,,
g,630000,0.01,,k_gf = 0.0334
1_0,630000,2400,,k_gb = 0.0393
1_1,4300,0.00000047,,k_H = 1.48 x 10^-3
1_2,4.7E-11,0.00052,,k10_f = 3.55 x 10^-2
2_1,,,,k10_b = 4.69 x 10^-7
2_2,,,,k11_f = 4.69 x 10^-7
3_1,,,,k11_b = 5.01 x 10^-11
3_2,,,,k12_f = 5.01 x 10^-11
3_3,,,,k12_b = 1.33 x 10^-6
4_0,,,,kw_f = 1.00 x 10^-14
5_0,,,,kw_b = 1.00 x 10^-14
6_1,,,,
6_2,,,,
7_0,,,,
8_1,,,,
8_2,,,,
w,0.0000001,0.0000001,,
