Reaction_Code,kf,kb
1_0,0,0
1_1,0.000000794,4.68E-11
1_2,4.69E-11,0.00000128
2_1,,
2_2,,
3_1,,
3_2,,
3_3,,
4_0,,
5_0,,
6_1,,
6_2,,
7_0,,
8_1,,
8_2,,
w,0.0000001,0.0000001
