Reaction_Code,kf,kb
g,0.032,0.00017
1_0,4.45E-02,0.00000056
1_1,5.01187233627273E-07,5.01187233627272E-11
1_2,5.01187233627272E-11,5.01187233627273E-07
2_1,0.0102329299228075,4.89778819368447E-07
2_2,6.16595001861482E-08,0.00691830970918936
3_1,0.00075,0.00000068
3_2,0.027,0.00003
3_3,2.50E-01,6.2E-10
4_0,,
5_0,,
6_1,,
6_2,,
7_0,,
8_1,,
8_2,,
w,0.0000001,0.0000001
