Reaction_Code,kf,kb
g,0.0334,0.0393
1_0,0.0355,0.000000469
1_1,0.000000469,0.000000501
1_2,5.01E-11,0.00000133
2_1,0.0102329299228075,4.89778819368447E-07
2_2,6.16595001861482E-08,0.00691830970918936
3_1,,
3_2,,
3_3,,
4_0,,
5_0,,
6_1,,
6_2,,
7_0,,
8_1,,
8_2,,
w,0.0000001,0.0000001
