Reaction_Code,kf,kb
g,0.032,0.00017
1_0,0.0445,0.00000056
1_1,5.01187233627273E-07,5.01187233627272E-11
1_2,5.01187233627272E-11,5.01187233627273E-07
2_1,0.024,0.00001
2_2,0.083,0.00000013
3_1,0.0075,0.0000062
3_2,0.01,0.00000011
3_3,0.00062,3.9E-12
4_0,5600000000,50000
5_0,0.024,0.0000007
6_1,0.0013,22000000
6_2,0.000056,1300
7_0,1.6E-13,22000000000
8_1,0.012,4.8E-11
8_2,0.0000016,8000
w,0.0000001,0.0000001
